{"stats":{"minecraft:picked_up":{"minecraft:wheat":43,"minecraft:nether_brick_fence":1,"minecraft:string":5,"create:limestone":99,"minecraft:raw_copper":54,"minecraft:cooked_salmon":12,"minecraft:red_nether_bricks":6,"minecraft:pufferfish":2,"minecraft:beetroot":7,"create:mechanical_press":1,"minecraft:cobbled_deepslate":16,"minecraft:spruce_planks":3,"minecraft:coal_block":13,"minecraft:furnace":1,"minecraft:stick":10,"minecraft:torch":6,"create:andesite_casing":10,"minecraft:porkchop":7,"spectrum:citrine_powder":1,"minecraft:cauldron":8,"create:large_cogwheel":1,"minecraft:stone_sword":2,"minecraft:rotten_flesh":20,"minecraft:polished_basalt":1,"minecraft:red_tulip":13,"minecraft:white_terracotta":19,"minecraft:blaze_rod":1,"minecraft:obsidian":11,"minecraft:cod":20,"minecraft:cobblestone":95,"minecraft:lilac":1,"minecraft:andesite":129,"minecraft:potato":11,"create:raw_zinc":58,"hexcasting:spruce_staff":2,"minecraft:wither_skeleton_skull":1,"minecraft:lapis_lazuli":17,"minecraft:dirt":142,"minecraft:bone":29,"minecraft:wheat_seeds":58,"minecraft:raw_gold":24,"minecraft:glowstone_dust":111,"minecraft:oak_planks":67,"create:cogwheel":4,"minecraft:ink_sac":2,"minecraft:barrel":1,"minecraft:mossy_cobblestone":6,"spectrum:clover":2,"spectrum:polished_basalt":2,"dramaticdoors:tall_oak_door":5,"spectrum:lagoon_rod":1,"minecraft:soul_lantern":1,"minecraft:bone_meal":1,"minecraft:emerald":1,"minecraft:bread":1,"minecraft:oak_sapling":7,"minecraft:netherrack":6,"minecraft:fishing_rod":1,"minecraft:crafting_table":3,"minecraft:nether_wart":2,"hexcasting:charged_amethyst":2,"minecraft:gold_block":2,"minecraft:oak_trapdoor":3,"spectrum:mermaids_gem":2,"minecraft:blackstone":1,"minecraft:poppy":6,"minecraft:raw_iron":83,"minecraft:oak_door":2,"minecraft:carrot":8,"minecraft:redstone":76,"create:zinc_ingot":54,"minecraft:arrow":9,"minecraft:beetroot_seeds":18,"minecraft:nether_bricks":1,"create:depot":1,"minecraft:saddle":1,"hexcasting:amethyst_dust":16,"minecraft:nether_brick_wall":1,"minecraft:stripped_oak_log":8,"minecraft:basalt":46,"minecraft:tripwire_hook":1,"minecraft:salmon":12,"minecraft:fern":5,"minecraft:leather":1,"minecraft:oak_log":31,"minecraft:yellow_bed":2,"minecraft:red_nether_brick_stairs":1,"minecraft:stone_bricks":1,"minecraft:kelp":47,"minecraft:iron_ingot":100,"spectrum:razor_falchion":2,"minecraft:soul_sand":27,"minecraft:oak_slab":1,"minecraft:quartz":8,"minecraft:cracked_nether_bricks":2,"minecraft:gravel":6,"minecraft:amethyst_shard":13,"minecraft:spider_eye":1,"minecraft:lodestone":1,"minecraft:coal":36,"minecraft:sunflower":3},"minecraft:killed_by":{"minecraft:wither_skeleton":1,"minecraft:player":9,"minecraft:skeleton":1},"minecraft:mined":{"create:deepslate_zinc_ore":10,"create:andesite_casing":10,"minecraft:red_nether_bricks":6,"minecraft:obsidian":11,"minecraft:grass_block":94,"minecraft:coal_block":14,"spectrum:four_leaf_clover":1,"minecraft:nether_wart":2,"minecraft:glowstone":36,"minecraft:red_nether_brick_stairs":1,"minecraft:iron_ore":49,"minecraft:barrel":1,"minecraft:fire":3,"minecraft:red_tulip":13,"create:mechanical_press":1,"create:limestone":99,"minecraft:deepslate_redstone_ore":14,"create:cogwheel":4,"minecraft:blackstone":1,"minecraft:kelp_plant":7,"minecraft:amethyst_cluster":6,"minecraft:soul_lantern":1,"minecraft:torch":1,"minecraft:nether_quartz_ore":8,"minecraft:cobblestone":60,"minecraft:oak_planks":39,"minecraft:wall_torch":3,"minecraft:cauldron":4,"minecraft:white_terracotta":24,"minecraft:wheat":18,"minecraft:lava_cauldron":4,"minecraft:grass":70,"minecraft:oak_log":31,"minecraft:beetroots":11,"minecraft:dirt":48,"spectrum:clover":1,"minecraft:netherrack":4,"minecraft:oak_leaves":25,"minecraft:deepslate":15,"create:zinc_ore":48,"minecraft:mossy_cobblestone":6,"minecraft:oak_door":2,"minecraft:nether_brick_wall":2,"minecraft:nether_bricks":1,"create:large_cogwheel":1,"create:depot":1,"minecraft:kelp":5,"minecraft:redstone_ore":2,"minecraft:oak_trapdoor":3,"minecraft:furnace":1,"minecraft:carrots":2,"minecraft:andesite":129,"minecraft:gold_block":2,"minecraft:nether_brick_fence":1,"minecraft:potatoes":3,"minecraft:deepslate_iron_ore":24,"minecraft:stripped_oak_log":9,"minecraft:stone":38,"minecraft:oak_slab":1,"minecraft:glass_pane":2,"minecraft:soul_sand":27,"minecraft:basalt":46,"minecraft:crafting_table":3,"minecraft:emerald_ore":1,"minecraft:copper_ore":15,"minecraft:tall_grass":15,"minecraft:lapis_ore":3,"minecraft:deepslate_gold_ore":12,"dramaticdoors:tall_oak_door":3,"minecraft:yellow_bed":1,"minecraft:coal_ore":33,"minecraft:sunflower":3,"minecraft:gravel":5,"minecraft:lodestone":1,"minecraft:stone_bricks":1,"minecraft:gold_ore":12,"minecraft:fern":12},"minecraft:killed":{"minecraft:witch":2,"minecraft:spider":2,"minecraft:skeleton":12,"minecraft:magma_cube":3,"minecraft:pig":4,"minecraft:iron_golem":1,"minecraft:zombie":19,"minecraft:blaze":4,"minecraft:horse":1,"minecraft:drowned":2,"minecraft:squid":1,"minecraft:wither_skeleton":14,"minecraft:player":4,"minecraft:enderman":1},"minecraft:dropped":{"dramaticdoors:tall_oak_door":2,"minecraft:saddle":3,"hexcasting:spruce_staff":1,"minecraft:cooked_cod":2,"minecraft:amethyst_shard":1,"minecraft:fishing_rod":1,"minecraft:iron_nugget":9,"minecraft:cobbled_deepslate":36,"minecraft:wheat":66,"minecraft:fern":3,"minecraft:salmon":12,"minecraft:basalt":43,"minecraft:iron_ingot":40,"minecraft:bread":21,"spectrum:divination_heart":1,"minecraft:copper_ingot":124,"spectrum:citrine_powder":1,"minecraft:stick":297,"minecraft:cooked_salmon":2,"spectrum:polished_basalt":2,"create:raw_zinc":54,"create:dough":1,"create:zinc_ingot":124,"minecraft:andesite":9,"minecraft:oak_sapling":250,"spectrum:razor_falchion":2,"minecraft:red_tulip":13},"minecraft:custom":{"minecraft:interact_with_crafting_table":99,"minecraft:open_barrel":88,"minecraft:open_shulker_box":2,"minecraft:leave_game":4,"minecraft:time_since_death":34074,"minecraft:sprint_one_cm":693020,"minecraft:patterns_drawn":1,"minecraft:drop":77,"minecraft:play_time":289006,"minecraft:deaths":21,"minecraft:jump":4538,"minecraft:walk_on_water_one_cm":17383,"minecraft:interact_with_furnace":31,"minecraft:sleep_in_bed":12,"minecraft:damage_dealt":13225,"minecraft:player_kills":5,"minecraft:crouch_one_cm":68674,"minecraft:inspect_dropper":5,"minecraft:mob_kills":67,"minecraft:inspect_hopper":27,"minecraft:walk_one_cm":541059,"minecraft:players_patted":169,"minecraft:sneak_time":28824,"minecraft:walk_under_water_one_cm":31463,"minecraft:total_world_time":289006,"minecraft:interact_with_stonecutter":2,"minecraft:time_since_rest":30383,"minecraft:damage_taken":8877,"minecraft:swim_one_cm":171501,"minecraft:headpats_gotten":49,"minecraft:fly_one_cm":1041168,"minecraft:open_chest":272,"minecraft:fish_caught":28,"minecraft:fall_one_cm":143474},"minecraft:used":{"minecraft:nether_brick_fence":1,"minecraft:iron_shovel":176,"create:portable_storage_interface":3,"minecraft:chest":4,"minecraft:iron_sword":242,"minecraft:nether_wart":8,"minecraft:red_nether_brick_stairs":1,"minecraft:rotten_flesh":5,"create:mechanical_bearing":2,"minecraft:soul_sand":8,"create:cogwheel":19,"minecraft:nether_bricks":1,"create:depot":11,"minecraft:lava_bucket":1,"create:millstone":1,"minecraft:bow":13,"hexcasting:spruce_staff":2,"minecraft:oak_sapling":53,"minecraft:furnace":2,"minecraft:cooked_cod":18,"minecraft:beetroot_seeds":6,"minecraft:oak_planks":2,"spectrum:lagoon_rod":10,"create:mechanical_saw":9,"minecraft:infested_chiseled_stone_bricks":1,"minecraft:stone_brick_wall":4,"minecraft:shears":5,"spectrum:clover":2,"dramaticdoors:short_oak_door":4,"minecraft:bread":25,"minecraft:melon_slice":1,"spectrum:razor_falchion":4,"minecraft:gravel":1,"create:andesite_casing":2,"minecraft:lilac":1,"minecraft:soul_lantern":1,"minecraft:pufferfish":2,"create:basin":1,"minecraft:andesite":3,"minecraft:compass":2,"minecraft:bone_meal":1,"create:large_cogwheel":7,"minecraft:oak_trapdoor":14,"create:limestone":36,"minecraft:flint_and_steel":7,"minecraft:cooked_salmon":10,"minecraft:torch":48,"minecraft:dirt":50,"minecraft:spyglass":6,"create:mechanical_mixer":1,"minecraft:hopper":3,"create:chute":2,"minecraft:iron_hoe":9,"rechiseled:stone_chiseled_bricks_connecting":8,"create:wrench":80,"minecraft:iron_axe":121,"minecraft:iron_boots":1,"spectrum:guidebook":1,"minecraft:barrel":4,"create:encased_chain_drive":3,"minecraft:basalt":3,"create:radial_chassis":3,"minecraft:cobbled_deepslate":1,"minecraft:wheat_seeds":38,"minecraft:water_bucket":10,"minecraft:nether_brick_wall":1,"minecraft:lodestone":2,"minecraft:baked_potato":5,"minecraft:red_nether_bricks":6,"minecraft:stonecutter":1,"create:blaze_burner":1,"create:encased_fan":3,"minecraft:oak_slab":4,"minecraft:crafting_table":4,"minecraft:campfire":1,"minecraft:infested_stone_bricks":1,"minecraft:oak_log":33,"minecraft:diamond_pickaxe":63,"minecraft:apple":2,"dramaticdoors:tall_oak_door":6,"create:mechanical_press":2,"minecraft:sunflower":3,"minecraft:iron_pickaxe":676,"minecraft:map":3,"create:water_wheel":15,"minecraft:cracked_nether_bricks":2,"minecraft:chiseled_stone_bricks":1,"minecraft:fishing_rod":24,"minecraft:cobblestone":82,"minecraft:cooked_porkchop":6,"minecraft:bucket":13,"minecraft:yellow_bed":1,"minecraft:stripped_oak_log":13,"minecraft:candle":4,"minecraft:smooth_stone":1},"minecraft:crafted":{"minecraft:oak_planks":156,"minecraft:barrel":3,"create:mechanical_bearing":1,"create:radial_chassis":3,"minecraft:hopper":3,"minecraft:iron_boots":1,"create:mechanical_press":1,"minecraft:chest":7,"create:cogwheel":11,"create:depot":4,"minecraft:oak_slab":60,"dramaticdoors:tall_oak_door":4,"create:rose_quartz":8,"minecraft:crafting_table":2,"create:mechanical_saw":6,"minecraft:campfire":1,"create:encased_chain_drive":3,"create:mechanical_mixer":1,"create:encased_fan":3,"minecraft:diamond_pickaxe":1,"create:water_wheel":5,"create:super_glue":1,"create:portable_storage_interface":2,"minecraft:stick":20,"minecraft:iron_pickaxe":2,"minecraft:iron_ingot":69,"minecraft:compass":1,"minecraft:iron_block":1,"minecraft:gold_ingot":3,"create:large_cogwheel":9,"create:propeller":3,"minecraft:shears":1,"create:empty_blaze_burner":2,"create:chute":4,"minecraft:oak_door":6,"create:wrench":1,"minecraft:iron_nugget":117,"minecraft:spyglass":1,"minecraft:oak_trapdoor":16,"minecraft:slime_ball":2,"minecraft:iron_hoe":1,"create:millstone":1,"create:basin":1,"create:andesite_alloy":49,"create:dough":2,"minecraft:bucket":2,"minecraft:glowstone":21,"minecraft:air":0,"create:whisk":1,"minecraft:stonecutter":1,"create:shaft":32,"minecraft:torch":44},"minecraft:broken":{"minecraft:iron_boots":1,"minecraft:iron_pickaxe":2,"minecraft:iron_helmet":1}},"DataVersion":3120}