{"stats":{"minecraft:picked_up":{"minecraft:oak_stairs":13,"spectrum:citrine_block":4,"minecraft:string":3,"minecraft:red_nether_bricks":6,"minecraft:pufferfish":1,"create:mechanical_press":1,"minecraft:cobbled_deepslate":16,"spectrum:polished_calcite":2,"minecraft:spruce_planks":3,"minecraft:calcite":62,"minecraft:furnace":1,"minecraft:stick":12,"minecraft:oak_fence":1,"minecraft:torch":5,"minecraft:porkchop":4,"minecraft:stone_sword":1,"minecraft:rotten_flesh":34,"spectrum:crafting_tablet":2,"minecraft:red_tulip":1,"minecraft:white_terracotta":8,"minecraft:blaze_rod":7,"spectrum:topaz_shard":58,"minecraft:snowball":104,"minecraft:cod":11,"minecraft:cobblestone":347,"minecraft:birch_log":5,"minecraft:lilac":1,"minecraft:feather":2,"minecraft:cooked_beef":1,"minecraft:water_bucket":1,"minecraft:andesite":151,"minecraft:black_bed":1,"minecraft:potato":6,"minecraft:flint":35,"create:raw_zinc":23,"hexcasting:spruce_staff":1,"minecraft:magenta_bed":8,"minecraft:dirt":77,"minecraft:bone":20,"minecraft:wheat_seeds":31,"minecraft:raw_gold":23,"minecraft:bamboo":63,"minecraft:oak_planks":10,"spectrum:paintbrush":2,"minecraft:barrel":1,"spectrum:clover":1,"spectrum:polished_basalt":77,"spectrum:lagoon_rod":1,"minecraft:soul_lantern":2,"minecraft:granite":8,"minecraft:grass":4,"minecraft:bread":11,"minecraft:oak_sapling":21,"minecraft:netherrack":2,"minecraft:fishing_rod":1,"minecraft:crafting_table":4,"minecraft:allium":1,"minecraft:azure_bluet":10,"minecraft:chicken":1,"minecraft:nether_wart":11,"spectrum:mermaids_gem":2,"minecraft:blackstone":1,"minecraft:beef":12,"spectrum:topaz_block":24,"minecraft:poppy":2,"spectrum:shimmerstone_gem":51,"minecraft:egg":3,"minecraft:raw_iron":102,"minecraft:oak_door":1,"minecraft:carrot":7,"minecraft:redstone":1,"minecraft:arrow":3,"minecraft:cooked_cod":2,"minecraft:beetroot_seeds":1,"minecraft:nether_bricks":4,"spectrum:pedestal_all_basic":1,"minecraft:pink_tulip":1,"minecraft:saddle":1,"minecraft:mutton":5,"minecraft:white_wool":13,"minecraft:oxeye_daisy":6,"minecraft:stripped_oak_log":10,"minecraft:basalt":85,"minecraft:salmon":5,"minecraft:leather":16,"minecraft:oak_log":96,"minecraft:lily_pad":1,"minecraft:gunpowder":4,"minecraft:apple":2,"minecraft:kelp":59,"minecraft:iron_ingot":40,"minecraft:stone_pickaxe":1,"spectrum:razor_falchion":2,"minecraft:smooth_basalt":192,"minecraft:gravel":214,"minecraft:amethyst_shard":26,"minecraft:white_bed":1,"minecraft:spruce_log":27,"minecraft:coal":84,"minecraft:sunflower":14},"minecraft:killed_by":{"minecraft:wither_skeleton":3,"minecraft:creeper":1,"minecraft:zombie":1,"minecraft:player":16,"minecraft:skeleton":2},"minecraft:mined":{"minecraft:spruce_planks":3,"minecraft:white_bed":1,"minecraft:oak_sapling":7,"minecraft:sculk_vein":12,"minecraft:red_nether_bricks":6,"minecraft:granite":4,"minecraft:grass_block":32,"minecraft:oxeye_daisy":2,"minecraft:nether_wart":7,"minecraft:tall_seagrass":1,"minecraft:sculk_catalyst":2,"minecraft:red_nether_brick_stairs":1,"minecraft:iron_ore":82,"minecraft:cobbled_deepslate":2,"minecraft:barrel":1,"minecraft:deepslate_lapis_ore":3,"minecraft:azure_bluet":10,"minecraft:nether_brick_stairs":2,"minecraft:red_tulip":1,"minecraft:oak_stairs":15,"minecraft:pink_tulip":1,"minecraft:blackstone":1,"minecraft:kelp_plant":17,"minecraft:soul_lantern":2,"minecraft:powder_snow":15,"spectrum:pink_log":8,"spectrum:shimmerstone_ore":24,"minecraft:calcite":73,"spectrum:light_blue_log":11,"minecraft:cobblestone":2,"minecraft:oak_planks":36,"minecraft:wall_torch":1,"minecraft:white_terracotta":7,"minecraft:birch_log":5,"minecraft:wheat":2,"minecraft:magenta_bed":8,"minecraft:lilac":1,"minecraft:black_bed":1,"minecraft:grass":94,"minecraft:oak_log":79,"minecraft:dirt":15,"minecraft:smooth_basalt":67,"spectrum:clover":1,"minecraft:netherrack":2,"minecraft:oak_leaves":64,"minecraft:deepslate":20,"spectrum:large_topaz_bud":2,"create:zinc_ore":9,"spectrum:pedestal_all_basic":1,"minecraft:oak_door":1,"minecraft:nether_brick_wall":2,"spectrum:budding_topaz":1,"minecraft:nether_bricks":4,"minecraft:allium":1,"spectrum:topaz_block":24,"spectrum:topaz_ore":4,"minecraft:spruce_leaves":8,"minecraft:kelp":2,"minecraft:cracked_nether_bricks":3,"minecraft:furnace":1,"minecraft:carrots":2,"minecraft:polished_basalt":2,"minecraft:andesite":133,"minecraft:potatoes":3,"minecraft:deepslate_iron_ore":20,"spectrum:polished_basalt":9,"minecraft:stripped_oak_log":10,"minecraft:packed_ice":5,"minecraft:bamboo":7,"minecraft:stone":356,"minecraft:glass_pane":1,"minecraft:snow_block":26,"minecraft:basalt":88,"minecraft:oak_fence":1,"minecraft:crafting_table":5,"spectrum:light_blue_leaves":2,"spectrum:citrine_block":4,"minecraft:sculk_sensor":6,"spectrum:topaz_cluster":5,"minecraft:tall_grass":38,"minecraft:sculk":207,"minecraft:ice":1,"minecraft:spruce_log":28,"minecraft:yellow_bed":1,"spectrum:magenta_leaves":3,"minecraft:coal_ore":83,"minecraft:sunflower":15,"minecraft:gravel":217,"minecraft:gold_ore":23,"minecraft:fern":6},"minecraft:killed":{"minecraft:spider":3,"minecraft:skeleton":6,"minecraft:chicken":1,"minecraft:magma_cube":5,"minecraft:pig":3,"minecraft:iron_golem":1,"minecraft:creeper":2,"minecraft:sheep":3,"minecraft:zombie":20,"minecraft:cow":7,"minecraft:blaze":2,"minecraft:wither_skeleton":9,"minecraft:player":4,"minecraft:villager":2},"minecraft:dropped":{"minecraft:cooked_beef":5,"minecraft:leather":8,"minecraft:saddle":1,"minecraft:flint":27,"minecraft:dirt":1,"minecraft:grass":4,"minecraft:snowball":16,"minecraft:amethyst_shard":6,"minecraft:fishing_rod":1,"minecraft:white_wool":6,"minecraft:bone":3,"minecraft:oak_door":1,"minecraft:gravel":148,"minecraft:obsidian":19,"minecraft:rotten_flesh":18,"minecraft:oak_planks":8,"minecraft:salmon":5,"minecraft:poppy":2,"minecraft:gunpowder":4,"spectrum:crafting_tablet":1,"minecraft:arrow":3,"create:mechanical_press":1,"minecraft:netherrack":2,"minecraft:egg":1,"minecraft:iron_ingot":93,"minecraft:oak_slab":10,"minecraft:wheat_seeds":2,"minecraft:feather":2,"minecraft:cobblestone":98,"spectrum:amethyst_powder":1,"minecraft:granite":8,"minecraft:coal":3,"spectrum:citrine_powder":1,"minecraft:stick":10,"minecraft:oxeye_daisy":2,"minecraft:oak_stairs":10,"minecraft:string":2,"spectrum:paintbrush":2,"spectrum:polished_basalt":4,"spectrum:topaz_shard":1,"minecraft:smooth_basalt":192,"spectrum:lagoon_rod":1,"spectrum:mermaids_gem":1,"minecraft:blaze_rod":7,"minecraft:raw_iron":12,"minecraft:white_terracotta":8,"minecraft:nether_bricks":4,"minecraft:andesite":3,"spectrum:polished_calcite":2,"minecraft:oak_sapling":4,"minecraft:stone_pickaxe":1,"spectrum:razor_falchion":2},"minecraft:custom":{"minecraft:interact_with_crafting_table":37,"minecraft:open_barrel":146,"minecraft:leave_game":5,"minecraft:time_since_death":712,"minecraft:sprint_one_cm":1066773,"minecraft:drop":102,"minecraft:talked_to_villager":2,"minecraft:play_time":368636,"minecraft:deaths":46,"minecraft:jump":10404,"minecraft:walk_on_water_one_cm":11664,"minecraft:interact_with_furnace":95,"minecraft:sleep_in_bed":16,"minecraft:damage_dealt":12334,"minecraft:player_kills":5,"minecraft:crouch_one_cm":22815,"minecraft:inspect_dropper":1,"minecraft:mob_kills":65,"minecraft:inspect_hopper":5,"minecraft:climb_one_cm":472,"minecraft:walk_one_cm":1218123,"minecraft:players_patted":56,"minecraft:sneak_time":9027,"minecraft:walk_under_water_one_cm":21698,"minecraft:total_world_time":368636,"minecraft:time_since_rest":714,"minecraft:damage_taken":11354,"minecraft:swim_one_cm":73900,"minecraft:headpats_gotten":115,"minecraft:fly_one_cm":2635594,"minecraft:open_chest":91,"minecraft:fish_caught":23,"minecraft:fall_one_cm":339700},"minecraft:used":{"minecraft:iron_shovel":346,"minecraft:chest":2,"minecraft:iron_sword":181,"minecraft:nether_wart":6,"minecraft:rotten_flesh":1,"minecraft:carrot":7,"minecraft:snowball":32,"minecraft:furnace":3,"minecraft:oak_sapling":158,"minecraft:cooked_cod":2,"minecraft:egg":2,"minecraft:potato":4,"minecraft:stone_pickaxe":92,"minecraft:oak_planks":4,"minecraft:wooden_pickaxe":8,"spectrum:polished_basalt":55,"spectrum:lagoon_rod":30,"minecraft:black_bed":1,"spectrum:polished_calcite_pillar":4,"spectrum:clover":1,"spectrum:pedestal_basic_amethyst":1,"minecraft:bread":11,"spectrum:razor_falchion":11,"minecraft:gravel":2,"minecraft:soul_lantern":1,"minecraft:compass":1,"minecraft:bone_meal":8,"minecraft:oak_fence":1,"minecraft:spruce_planks":3,"minecraft:wooden_shovel":10,"minecraft:torch":60,"minecraft:dirt":10,"minecraft:iron_hoe":248,"minecraft:iron_axe":207,"minecraft:oak_stairs":15,"spectrum:guidebook":39,"minecraft:barrel":4,"minecraft:basalt":9,"minecraft:cooked_beef":8,"minecraft:cobbled_deepslate":16,"minecraft:powder_snow_bucket":1,"spectrum:polished_basalt_pillar":4,"minecraft:wheat_seeds":1,"minecraft:cooked_mutton":5,"minecraft:water_bucket":2,"minecraft:pink_tulip":1,"minecraft:baked_potato":5,"spectrum:notched_polished_basalt":4,"minecraft:oak_slab":2,"minecraft:crafting_table":8,"spectrum:pedestal_all_basic":1,"minecraft:magenta_bed":9,"minecraft:white_bed":3,"minecraft:spruce_log":1,"minecraft:oak_log":11,"minecraft:apple":2,"minecraft:oxeye_daisy":2,"minecraft:sunflower":5,"spectrum:chiseled_polished_calcite":4,"minecraft:iron_pickaxe":978,"minecraft:stone_axe":42,"minecraft:cobblestone":34,"minecraft:cooked_porkchop":3,"minecraft:bucket":4,"spectrum:polished_calcite":25},"minecraft:crafted":{"minecraft:oak_planks":124,"minecraft:barrel":3,"minecraft:cooked_mutton":5,"minecraft:chest":2,"spectrum:pedestal_all_basic":1,"minecraft:magenta_dye":3,"minecraft:oak_slab":18,"minecraft:wooden_shovel":1,"minecraft:cooked_porkchop":3,"spectrum:lagoon_rod":1,"minecraft:crafting_table":4,"minecraft:spruce_planks":12,"minecraft:wooden_pickaxe":1,"spectrum:notched_polished_basalt":4,"spectrum:paintbrush":1,"spectrum:polished_calcite":62,"spectrum:polished_basalt_pillar":4,"minecraft:stick":56,"minecraft:iron_pickaxe":4,"minecraft:iron_ingot":45,"minecraft:compass":1,"spectrum:chiseled_polished_calcite":5,"minecraft:shears":1,"minecraft:redstone":9,"minecraft:furnace":2,"minecraft:bone_meal":9,"minecraft:iron_axe":1,"spectrum:polished_basalt":63,"minecraft:iron_hoe":1,"minecraft:stone_pickaxe":1,"minecraft:cooked_beef":12,"minecraft:magenta_bed":1,"minecraft:iron_sword":1,"minecraft:bucket":1,"minecraft:stone_axe":1,"minecraft:air":0,"spectrum:crafting_tablet":1,"minecraft:oak_stairs":12,"minecraft:iron_shovel":2,"minecraft:white_bed":3,"minecraft:torch":104,"spectrum:polished_calcite_pillar":4},"minecraft:broken":{"minecraft:iron_shovel":1,"minecraft:iron_hoe":1,"minecraft:iron_pickaxe":3}},"DataVersion":3120}