{"stats":{"minecraft:picked_up":{"minecraft:anvil":1,"minecraft:diamond_sword":1,"minecraft:oak_stairs":4,"minecraft:light":1,"minecraft:amethyst_block":15,"spectrum:pedestal_basic_amethyst":2,"spectrum:citrine_block":223,"minecraft:string":6,"minecraft:raw_copper":63,"minecraft:cooked_salmon":2,"minecraft:armor_stand":1,"minecraft:diamond_leggings":1,"minecraft:cobbled_deepslate":86,"minecraft:spruce_planks":44,"spectrum:polished_calcite":2,"minecraft:white_tulip":1,"minecraft:calcite":106,"minecraft:melon_slice":105,"minecraft:stick":2,"minecraft:torch":2,"minecraft:porkchop":60,"minecraft:snow_block":1,"spectrum:divination_heart":1,"spectrum:citrine_powder":1,"minecraft:stone_sword":1,"minecraft:rotten_flesh":25,"spectrum:crafting_tablet":2,"minecraft:blue_dye":15,"create:veridium":7,"minecraft:white_terracotta":12,"minecraft:blaze_rod":27,"spectrum:topaz_shard":9,"minecraft:obsidian":29,"minecraft:snowball":16,"minecraft:blaze_powder":34,"minecraft:cobblestone":547,"minecraft:feather":4,"minecraft:cooked_beef":5,"minecraft:water_bucket":2,"minecraft:andesite":99,"create:raw_zinc":19,"minecraft:tuff":2,"hexcasting:spruce_staff":2,"minecraft:magenta_bed":2,"minecraft:dirt":357,"minecraft:bone":30,"minecraft:chipped_anvil":1,"minecraft:wheat_seeds":5,"minecraft:bamboo":114,"minecraft:diamond_helmet":1,"minecraft:oak_planks":23,"patchouli:guide_book":1,"spectrum:paintbrush":2,"spectrum:amethyst_powder":2,"minecraft:cyan_bed":2,"minecraft:barrel":2,"minecraft:mossy_cobblestone":1,"spectrum:clover":61,"spectrum:polished_basalt":6,"minecraft:diamond":3,"hexcasting:scroll":3,"minecraft:grass":1,"minecraft:emerald":1,"minecraft:bread":28,"minecraft:cyan_dye":1,"minecraft:diamond_pickaxe":3,"minecraft:crafting_table":7,"minecraft:chicken":2,"hexcasting:charged_amethyst":7,"minecraft:shield":1,"minecraft:cornflower":45,"minecraft:moss_carpet":3,"spectrum:mermaids_gem":2,"minecraft:compass":1,"minecraft:beef":7,"minecraft:oak_boat":1,"spectrum:topaz_block":36,"spectrum:amethyst_storage_block":4,"minecraft:poppy":2,"minecraft:spruce_slab":1,"minecraft:light_gray_wool":5,"minecraft:diamond_hoe":1,"minecraft:egg":2,"minecraft:raw_iron":64,"minecraft:oak_door":1,"minecraft:redstone":159,"spectrum:guidebook":1,"minecraft:arrow":10,"minecraft:diamond_chestplate":1,"minecraft:shears":1,"minecraft:diamond_boots":1,"minecraft:hay_block":10,"spectrum:pedestal_all_basic":2,"hexcasting:amethyst_dust":67,"minecraft:gold_ingot":2,"minecraft:mutton":13,"minecraft:white_wool":12,"minecraft:skeleton_skull":1,"minecraft:stripped_oak_log":1,"minecraft:basalt":45,"minecraft:leather":8,"minecraft:fern":26,"minecraft:oak_log":8,"minecraft:yellow_bed":1,"minecraft:gunpowder":2,"minecraft:cooked_mutton":1,"minecraft:iron_ingot":16,"spectrum:onyx_storage_block":1,"spectrum:razor_falchion":2,"minecraft:green_dye":28,"minecraft:book":5,"minecraft:smooth_basalt":168,"spectrum:citrine_shard":33,"minecraft:gravel":3,"minecraft:amethyst_shard":48,"minecraft:white_bed":2,"minecraft:spruce_log":19,"minecraft:spider_eye":2,"minecraft:diamond_shovel":2,"minecraft:diamond_axe":1,"minecraft:coal":6,"minecraft:sunflower":2},"minecraft:killed_by":{"minecraft:creeper":1,"minecraft:player":1},"minecraft:mined":{"create:deepslate_zinc_ore":11,"minecraft:spruce_planks":11,"minecraft:white_bed":2,"spectrum:budding_citrine":4,"minecraft:sculk_vein":47,"minecraft:obsidian":10,"spectrum:small_citrine_bud":1,"minecraft:grass_block":54,"spectrum:small_topaz_bud":1,"spectrum:four_leaf_clover":11,"minecraft:sculk_catalyst":2,"minecraft:iron_ore":26,"minecraft:barrel":2,"minecraft:cobbled_deepslate":2,"minecraft:fire":1,"minecraft:anvil":1,"minecraft:sculk_shrieker":3,"minecraft:oak_stairs":3,"create:veridium":7,"minecraft:deepslate_redstone_ore":37,"spectrum:citrine_cluster":8,"minecraft:amethyst_cluster":13,"minecraft:melon":12,"minecraft:calcite":109,"minecraft:cobblestone":30,"minecraft:cyan_bed":2,"minecraft:oak_planks":13,"minecraft:amethyst_block":9,"minecraft:deepslate_copper_ore":5,"minecraft:magenta_bed":1,"minecraft:lilac":1,"minecraft:light_gray_wool":4,"spectrum:large_citrine_bud":2,"minecraft:grass":27,"spectrum:amethyst_storage_block":3,"minecraft:oak_log":6,"minecraft:dirt":18,"minecraft:smooth_basalt":171,"spectrum:clover":49,"minecraft:oak_leaves":2,"minecraft:deepslate":161,"spectrum:large_topaz_bud":1,"create:zinc_ore":22,"minecraft:tuff":18,"spectrum:pedestal_all_basic":2,"minecraft:mossy_cobblestone":1,"spectrum:medium_citrine_bud":1,"spectrum:budding_topaz":1,"spectrum:onyx_storage_block":1,"spectrum:topaz_block":18,"minecraft:spruce_leaves":1,"minecraft:hay_block":10,"spectrum:pedestal_basic_amethyst":2,"minecraft:andesite":91,"minecraft:deepslate_iron_ore":7,"spectrum:polished_basalt":3,"minecraft:bamboo":13,"minecraft:white_tulip":1,"minecraft:stone":629,"minecraft:glass_pane":1,"minecraft:basalt":2,"minecraft:crafting_table":6,"minecraft:cornflower":46,"minecraft:emerald_ore":1,"spectrum:citrine_block":223,"minecraft:sculk_sensor":5,"spectrum:topaz_cluster":1,"minecraft:copper_ore":12,"minecraft:tall_grass":32,"minecraft:sculk":601,"minecraft:spruce_log":19,"minecraft:yellow_bed":1,"minecraft:coal_ore":1,"minecraft:sunflower":9,"minecraft:gravel":11,"minecraft:chipped_anvil":1,"minecraft:fern":31,"spectrum:deepslate_azurite_ore":1},"minecraft:killed":{"minecraft:zombified_piglin":8,"minecraft:spider":12,"minecraft:skeleton":8,"minecraft:chicken":3,"minecraft:magma_cube":22,"minecraft:pig":15,"minecraft:zombie_villager":2,"minecraft:iron_golem":4,"minecraft:creeper":12,"minecraft:sheep":12,"minecraft:zombie":36,"minecraft:cow":4,"minecraft:blaze":15,"minecraft:drowned":1,"minecraft:wither_skeleton":24,"minecraft:player":16,"minecraft:enderman":1},"minecraft:dropped":{"hexcasting:amethyst_dust":14,"minecraft:oak_log":3,"spectrum:topaz_block":18,"minecraft:dirt":24,"hexcasting:spruce_staff":3,"minecraft:cornflower":45,"minecraft:mutton":13,"minecraft:amethyst_shard":36,"minecraft:armor_stand":1,"minecraft:white_tulip":1,"minecraft:cobbled_deepslate":7,"minecraft:rotten_flesh":2,"minecraft:oak_planks":2,"minecraft:fern":26,"minecraft:diamond_shovel":1,"hexcasting:scroll":2,"minecraft:skeleton_skull":1,"spectrum:crafting_tablet":2,"minecraft:arrow":2,"minecraft:water_bucket":1,"minecraft:iron_ingot":3,"minecraft:wheat_seeds":4,"spectrum:divination_heart":1,"minecraft:feather":2,"minecraft:cobblestone":260,"spectrum:amethyst_powder":1,"minecraft:amethyst_block":6,"minecraft:stick":4,"minecraft:magenta_bed":1,"hexcasting:charged_amethyst":3,"spectrum:citrine_shard":8,"minecraft:string":4,"spectrum:paintbrush":2,"spectrum:polished_basalt":3,"spectrum:topaz_shard":30,"minecraft:smooth_basalt":12,"minecraft:redstone":1,"minecraft:snow_block":1,"minecraft:moss_carpet":3,"spectrum:citrine_block":6,"spectrum:mermaids_gem":2,"minecraft:blaze_rod":28,"minecraft:tuff":2,"minecraft:chicken":2,"minecraft:light_gray_wool":1,"create:veridium":7,"minecraft:diamond_pickaxe":1,"spectrum:polished_calcite":2,"spectrum:razor_falchion":1,"minecraft:calcite":20},"minecraft:custom":{"minecraft:interact_with_crafting_table":28,"minecraft:open_barrel":107,"minecraft:bell_ring":1,"minecraft:media_used":750000,"minecraft:leave_game":3,"minecraft:time_since_death":40318,"minecraft:sprint_one_cm":1397432,"minecraft:patterns_drawn":57,"minecraft:damage_blocked_by_shield":1970,"minecraft:drop":86,"minecraft:talked_to_villager":1,"minecraft:play_time":391758,"minecraft:deaths":19,"minecraft:jump":7764,"minecraft:walk_on_water_one_cm":53835,"minecraft:interact_with_furnace":22,"minecraft:sleep_in_bed":5,"minecraft:damage_dealt":34169,"minecraft:player_kills":16,"minecraft:crouch_one_cm":65080,"minecraft:inspect_dropper":4,"minecraft:mob_kills":182,"minecraft:inspect_hopper":9,"minecraft:spells_cast":7,"minecraft:climb_one_cm":2992,"minecraft:walk_one_cm":726948,"minecraft:sneak_time":21561,"minecraft:walk_under_water_one_cm":50239,"minecraft:boat_one_cm":263601,"minecraft:total_world_time":394676,"minecraft:time_since_rest":30176,"minecraft:damage_taken":8266,"minecraft:swim_one_cm":202071,"minecraft:headpats_gotten":61,"minecraft:fly_one_cm":3208470,"minecraft:open_chest":121,"minecraft:fall_one_cm":253814},"minecraft:used":{"spectrum:amethyst_storage_block":1,"spectrum:citrine_block":2,"minecraft:diamond_hoe":658,"minecraft:poppy":1,"minecraft:chest":1,"minecraft:shield":39,"minecraft:obsidian":10,"hexcasting:spruce_staff":24,"minecraft:furnace":1,"minecraft:egg":2,"minecraft:dropper":1,"minecraft:oak_planks":2,"minecraft:wooden_pickaxe":1,"spectrum:polished_basalt":3,"minecraft:diamond_axe":117,"minecraft:white_wool":2,"minecraft:black_bed":1,"minecraft:shears":27,"spectrum:clover":3,"minecraft:melon_slice":22,"minecraft:bread":22,"spectrum:pedestal_basic_amethyst":2,"minecraft:cyan_bed":3,"spectrum:razor_falchion":2,"spectrum:citrine_storage_block":1,"spectrum:onyx_storage_block":2,"minecraft:diamond_sword":521,"minecraft:andesite":7,"minecraft:oak_boat":2,"minecraft:compass":1,"minecraft:flint_and_steel":2,"minecraft:armor_stand":1,"minecraft:spruce_planks":11,"minecraft:cooked_salmon":2,"minecraft:oak_door":1,"minecraft:dirt":396,"minecraft:anvil":2,"spectrum:guidebook":21,"minecraft:barrel":4,"minecraft:light_gray_wool":4,"minecraft:basalt":40,"minecraft:cooked_beef":12,"minecraft:cobbled_deepslate":42,"minecraft:cooked_mutton":1,"minecraft:water_bucket":15,"minecraft:amethyst_block":1,"minecraft:snow_block":4,"minecraft:mossy_cobblestone":1,"minecraft:crafting_table":8,"spectrum:pedestal_all_basic":2,"minecraft:magenta_bed":1,"minecraft:light":1,"minecraft:diamond_pickaxe":1658,"minecraft:diamond_shovel":64,"minecraft:sunflower":2,"spectrum:topaz_storage_block":1,"minecraft:cobblestone":138,"minecraft:cooked_porkchop":24,"minecraft:bucket":15,"minecraft:yellow_bed":1},"minecraft:crafted":{"minecraft:oak_planks":20,"spectrum:razor_falchion":1,"minecraft:diamond_shovel":1,"minecraft:diamond_helmet":1,"minecraft:diamond_leggings":1,"spectrum:topaz_storage_block":1,"spectrum:citrine_storage_block":1,"minecraft:diamond_axe":1,"minecraft:crafting_table":1,"minecraft:spruce_planks":60,"minecraft:wooden_pickaxe":1,"minecraft:baked_potato":9,"spectrum:polished_calcite":2,"minecraft:diamond_pickaxe":2,"minecraft:stick":16,"minecraft:iron_ingot":8,"minecraft:compass":1,"minecraft:iron_block":3,"minecraft:black_bed":1,"minecraft:shears":1,"minecraft:oak_door":3,"minecraft:diamond_hoe":1,"spectrum:amethyst_storage_block":1,"minecraft:diamond_boots":1,"minecraft:redstone_block":18,"minecraft:wheat":90,"minecraft:diamond_sword":1,"minecraft:cyan_dye":2,"minecraft:amethyst_shard":27,"minecraft:cyan_bed":1,"minecraft:bread":30,"minecraft:air":0,"minecraft:oak_boat":1,"minecraft:anvil":1,"minecraft:diamond_chestplate":1},"minecraft:broken":{"spectrum:razor_falchion":1}},"DataVersion":3120}